workers,chunk_size,parallel_time_sec
1,200,0.019089
1,500,0.017291
1,1000,0.017172
2,200,0.132613
2,500,0.134627
2,1000,0.133645
4,200,0.132881
4,500,0.134929
4,1000,0.152018
