workers,chunk_size,parallel_time_sec
1,200,0.020752
1,500,0.019076
1,1000,0.019287
2,200,0.182222
2,500,0.171646
2,1000,0.174301
4,200,0.197653
4,500,0.188916
4,1000,0.212871
